file_path,commit_sha,author,date_utc,commit_html_url,week_start,week_index
app/src/main/java/com/scottyab/rootbeer/sample/CheckForRootWorker.kt,52470e427026fda0b134e7680d8301636682deee,scottyab,2024-09-12 10:16:21+00:00,https://github.com/scottyab/rootbeer/commit/52470e427026fda0b134e7680d8301636682deee,2024-09-10,481
app/src/main/java/com/scottyab/rootbeer/sample/CheckForRootWorker.kt,091a157959a2de58abc4b51b99fb9189ecd284e2,grubeli,2021-11-16 14:04:57+00:00,https://github.com/scottyab/rootbeer/commit/091a157959a2de58abc4b51b99fb9189ecd284e2,2021-11-16,334
app/src/main/java/com/scottyab/rootbeer/sample/CheckForRootWorker.kt,d9057ce490c3481bc9be852e343678c93860e6a8,scottyab,2021-05-24 07:46:20+00:00,https://github.com/scottyab/rootbeer/commit/d9057ce490c3481bc9be852e343678c93860e6a8,2021-05-18,308
app/src/main/java/com/scottyab/rootbeer/sample/CheckForRootWorker.kt,c0840f172dfe0ec292f49b0a49baeba2dc26b8ed,scottyab,2021-05-24 07:45:07+00:00,https://github.com/scottyab/rootbeer/commit/c0840f172dfe0ec292f49b0a49baeba2dc26b8ed,2021-05-18,308
app/src/main/java/com/scottyab/rootbeer/sample/CheckForRootWorker.kt,88dbbd2328a28541740b00bff818b5fcba21da40,scottyab,2021-05-21 14:40:38+00:00,https://github.com/scottyab/rootbeer/commit/88dbbd2328a28541740b00bff818b5fcba21da40,2021-05-18,308
app/src/main/java/com/scottyab/rootbeer/sample/CheckForRootWorker.kt,3163211e242e6310117c5c92dfe4f0c6c7cc18b2,scottyab,2021-05-08 14:18:37+00:00,https://github.com/scottyab/rootbeer/commit/3163211e242e6310117c5c92dfe4f0c6c7cc18b2,2021-05-04,306
app/src/main/java/com/scottyab/rootbeer/sample/MainActivity.kt,52470e427026fda0b134e7680d8301636682deee,scottyab,2024-09-12 10:16:21+00:00,https://github.com/scottyab/rootbeer/commit/52470e427026fda0b134e7680d8301636682deee,2024-09-10,481
app/src/main/java/com/scottyab/rootbeer/sample/MainActivity.kt,3e41e6aefabf3ab3454fee2daf3495eef28d4bc9,ArtsemKurantsou,2024-08-05 18:31:03+00:00,https://github.com/scottyab/rootbeer/commit/3e41e6aefabf3ab3454fee2daf3495eef28d4bc9,2024-07-30,475
app/src/main/java/com/scottyab/rootbeer/sample/MainActivity.kt,4423a92931a31cd0b64c3872814b47a79c0fefc3,ArtsemKurantsou,2024-08-04 19:40:34+00:00,https://github.com/scottyab/rootbeer/commit/4423a92931a31cd0b64c3872814b47a79c0fefc3,2024-07-30,475
app/src/main/java/com/scottyab/rootbeer/sample/MainActivity.kt,3163211e242e6310117c5c92dfe4f0c6c7cc18b2,scottyab,2021-05-08 14:18:37+00:00,https://github.com/scottyab/rootbeer/commit/3163211e242e6310117c5c92dfe4f0c6c7cc18b2,2021-05-04,306
app/src/main/java/com/scottyab/rootbeer/sample/RootItemResult.kt,52470e427026fda0b134e7680d8301636682deee,scottyab,2024-09-12 10:16:21+00:00,https://github.com/scottyab/rootbeer/commit/52470e427026fda0b134e7680d8301636682deee,2024-09-10,481
app/src/main/java/com/scottyab/rootbeer/sample/RootItemResult.kt,3163211e242e6310117c5c92dfe4f0c6c7cc18b2,scottyab,2021-05-08 14:18:37+00:00,https://github.com/scottyab/rootbeer/commit/3163211e242e6310117c5c92dfe4f0c6c7cc18b2,2021-05-04,306
app/src/main/java/com/scottyab/rootbeer/sample/RootSampleApp.kt,52470e427026fda0b134e7680d8301636682deee,scottyab,2024-09-12 10:16:21+00:00,https://github.com/scottyab/rootbeer/commit/52470e427026fda0b134e7680d8301636682deee,2024-09-10,481
app/src/main/java/com/scottyab/rootbeer/sample/RootSampleApp.kt,4423a92931a31cd0b64c3872814b47a79c0fefc3,ArtsemKurantsou,2024-08-04 19:40:34+00:00,https://github.com/scottyab/rootbeer/commit/4423a92931a31cd0b64c3872814b47a79c0fefc3,2024-07-30,475
app/src/main/java/com/scottyab/rootbeer/sample/RootSampleApp.kt,3163211e242e6310117c5c92dfe4f0c6c7cc18b2,scottyab,2021-05-08 14:18:37+00:00,https://github.com/scottyab/rootbeer/commit/3163211e242e6310117c5c92dfe4f0c6c7cc18b2,2021-05-04,306
app/src/main/java/com/scottyab/rootbeer/sample/extensions/ViewExtensions.kt,52470e427026fda0b134e7680d8301636682deee,scottyab,2024-09-12 10:16:21+00:00,https://github.com/scottyab/rootbeer/commit/52470e427026fda0b134e7680d8301636682deee,2024-09-10,481
app/src/main/java/com/scottyab/rootbeer/sample/extensions/ViewExtensions.kt,3163211e242e6310117c5c92dfe4f0c6c7cc18b2,scottyab,2021-05-08 14:18:37+00:00,https://github.com/scottyab/rootbeer/commit/3163211e242e6310117c5c92dfe4f0c6c7cc18b2,2021-05-04,306
app/src/main/java/com/scottyab/rootbeer/sample/ui/ResultIconView.kt,52470e427026fda0b134e7680d8301636682deee,scottyab,2024-09-12 10:16:21+00:00,https://github.com/scottyab/rootbeer/commit/52470e427026fda0b134e7680d8301636682deee,2024-09-10,481
app/src/main/java/com/scottyab/rootbeer/sample/ui/ResultIconView.kt,3163211e242e6310117c5c92dfe4f0c6c7cc18b2,scottyab,2021-05-08 14:18:37+00:00,https://github.com/scottyab/rootbeer/commit/3163211e242e6310117c5c92dfe4f0c6c7cc18b2,2021-05-04,306
app/src/main/java/com/scottyab/rootbeer/sample/ui/RootItemAdapter.kt,52470e427026fda0b134e7680d8301636682deee,scottyab,2024-09-12 10:16:21+00:00,https://github.com/scottyab/rootbeer/commit/52470e427026fda0b134e7680d8301636682deee,2024-09-10,481
app/src/main/java/com/scottyab/rootbeer/sample/ui/RootItemAdapter.kt,4423a92931a31cd0b64c3872814b47a79c0fefc3,ArtsemKurantsou,2024-08-04 19:40:34+00:00,https://github.com/scottyab/rootbeer/commit/4423a92931a31cd0b64c3872814b47a79c0fefc3,2024-07-30,475
app/src/main/java/com/scottyab/rootbeer/sample/ui/RootItemAdapter.kt,3163211e242e6310117c5c92dfe4f0c6c7cc18b2,scottyab,2021-05-08 14:18:37+00:00,https://github.com/scottyab/rootbeer/commit/3163211e242e6310117c5c92dfe4f0c6c7cc18b2,2021-05-04,306
app/src/main/java/com/scottyab/rootbeer/sample/ui/RootedResultTextView.kt,52470e427026fda0b134e7680d8301636682deee,scottyab,2024-09-12 10:16:21+00:00,https://github.com/scottyab/rootbeer/commit/52470e427026fda0b134e7680d8301636682deee,2024-09-10,481
app/src/main/java/com/scottyab/rootbeer/sample/ui/RootedResultTextView.kt,3163211e242e6310117c5c92dfe4f0c6c7cc18b2,scottyab,2021-05-08 14:18:37+00:00,https://github.com/scottyab/rootbeer/commit/3163211e242e6310117c5c92dfe4f0c6c7cc18b2,2021-05-04,306
app/src/main/java/com/scottyab/rootbeer/sample/ui/ScopedActivity.kt,52470e427026fda0b134e7680d8301636682deee,scottyab,2024-09-12 10:16:21+00:00,https://github.com/scottyab/rootbeer/commit/52470e427026fda0b134e7680d8301636682deee,2024-09-10,481
app/src/main/java/com/scottyab/rootbeer/sample/ui/ScopedActivity.kt,3163211e242e6310117c5c92dfe4f0c6c7cc18b2,scottyab,2021-05-08 14:18:37+00:00,https://github.com/scottyab/rootbeer/commit/3163211e242e6310117c5c92dfe4f0c6c7cc18b2,2021-05-04,306
rootbeerlib/src/main/cpp/toolChecker.cpp,2fae04b08146f14f688f85bbe6113ee340a3c337,scottyab,2021-05-22 13:42:21+00:00,https://github.com/scottyab/rootbeer/commit/2fae04b08146f14f688f85bbe6113ee340a3c337,2021-05-18,308
rootbeerlib/src/main/cpp/toolChecker.h,2fae04b08146f14f688f85bbe6113ee340a3c337,scottyab,2021-05-22 13:42:21+00:00,https://github.com/scottyab/rootbeer/commit/2fae04b08146f14f688f85bbe6113ee340a3c337,2021-05-18,308
rootbeerlib/src/main/java/com/scottyab/rootbeer/Const.java,3163211e242e6310117c5c92dfe4f0c6c7cc18b2,scottyab,2021-05-08 14:18:37+00:00,https://github.com/scottyab/rootbeer/commit/3163211e242e6310117c5c92dfe4f0c6c7cc18b2,2021-05-04,306
rootbeerlib/src/main/java/com/scottyab/rootbeer/Const.java,b71502a78055e12227f83359cda7d51874e312de,Fi5t,2020-07-15 20:47:49+00:00,https://github.com/scottyab/rootbeer/commit/b71502a78055e12227f83359cda7d51874e312de,2020-07-14,264
rootbeerlib/src/main/java/com/scottyab/rootbeer/Const.java,4dc3b789a6ef07fe1e50352739f9a41d0df750e1,mat,2020-01-30 13:09:02+00:00,https://github.com/scottyab/rootbeer/commit/4dc3b789a6ef07fe1e50352739f9a41d0df750e1,2020-01-28,240
rootbeerlib/src/main/java/com/scottyab/rootbeer/Const.java,d1b40829bf88d238dc0f83214c4208c7eef407ad,mat,2020-01-28 14:06:12+00:00,https://github.com/scottyab/rootbeer/commit/d1b40829bf88d238dc0f83214c4208c7eef407ad,2020-01-28,240
rootbeerlib/src/main/java/com/scottyab/rootbeer/Const.java,59c387ef07075c5919f95569cbcd513c8a8f7c4a,BlizzedRu,2019-12-09 10:32:18+00:00,https://github.com/scottyab/rootbeer/commit/59c387ef07075c5919f95569cbcd513c8a8f7c4a,2019-12-03,232
rootbeerlib/src/main/java/com/scottyab/rootbeer/Const.java,8b985d927ff18acc804440a84c6d2b5efee0c6d9,stealthcopter,2019-03-14 12:24:58+00:00,https://github.com/scottyab/rootbeer/commit/8b985d927ff18acc804440a84c6d2b5efee0c6d9,2019-03-12,194
rootbeerlib/src/main/java/com/scottyab/rootbeer/Const.java,bfba45649d5b94d4843443dcbddaab40c88132e6,p2paltvnv,2018-03-16 16:42:19+00:00,https://github.com/scottyab/rootbeer/commit/bfba45649d5b94d4843443dcbddaab40c88132e6,2018-03-13,142
rootbeerlib/src/main/java/com/scottyab/rootbeer/Const.java,6b0362df982ca091d8ddb19d6055e5427868bb09,p2paltvnv,2018-03-16 12:02:21+00:00,https://github.com/scottyab/rootbeer/commit/6b0362df982ca091d8ddb19d6055e5427868bb09,2018-03-13,142
rootbeerlib/src/main/java/com/scottyab/rootbeer/Const.java,6ff8b25974c991ab55948fbe0664ab423f3a0c7b,p2paltvnv,2018-03-16 11:36:53+00:00,https://github.com/scottyab/rootbeer/commit/6ff8b25974c991ab55948fbe0664ab423f3a0c7b,2018-03-13,142
rootbeerlib/src/main/java/com/scottyab/rootbeer/Const.java,22c503f888ca7c1fea110f310593b2e60d333797,stealthcopter,2017-03-24 13:30:47+00:00,https://github.com/scottyab/rootbeer/commit/22c503f888ca7c1fea110f310593b2e60d333797,2017-03-21,91
rootbeerlib/src/main/java/com/scottyab/rootbeer/Const.java,bb880410733bca57af216d56f2e2c8aec4626907,Mohammed Ezzat,2016-03-15 13:13:43+00:00,https://github.com/scottyab/rootbeer/commit/bb880410733bca57af216d56f2e2c8aec4626907,2016-03-15,38
rootbeerlib/src/main/java/com/scottyab/rootbeer/Const.java,3cb4504b4013738a03485e1f8541c0b17eab102c,scottyab,2015-09-16 12:13:36+00:00,https://github.com/scottyab/rootbeer/commit/3cb4504b4013738a03485e1f8541c0b17eab102c,2015-09-15,12
rootbeerlib/src/main/java/com/scottyab/rootbeer/Const.java,e1741cf2dcd0653649df59001601e41180062c2e,scottyab,2015-06-30 14:59:48+00:00,https://github.com/scottyab/rootbeer/commit/e1741cf2dcd0653649df59001601e41180062c2e,2015-06-30,1
rootbeerlib/src/main/java/com/scottyab/rootbeer/Const.java,13ad8c722a871ebeaf6f0da5b3d8067b4be94d64,stealthcopter,2015-06-30 13:40:46+00:00,https://github.com/scottyab/rootbeer/commit/13ad8c722a871ebeaf6f0da5b3d8067b4be94d64,2015-06-30,1
rootbeerlib/src/main/java/com/scottyab/rootbeer/Const.java,ec2427eb932e87ee0397d7a471997eb2fbb0b9fd,scottyab,2015-06-29 13:06:59+00:00,https://github.com/scottyab/rootbeer/commit/ec2427eb932e87ee0397d7a471997eb2fbb0b9fd,2015-06-23,0
rootbeerlib/src/main/java/com/scottyab/rootbeer/Const.java,d246945d2575623ca137fcc0a4ef1eb8f3c68fab,scottyab,2015-06-26 15:50:40+00:00,https://github.com/scottyab/rootbeer/commit/d246945d2575623ca137fcc0a4ef1eb8f3c68fab,2015-06-23,0
rootbeerlib/src/main/java/com/scottyab/rootbeer/RootBeer.java,f9ec6c9ab1e6ee1ff1274f6bfe3aa1ba7f4f68f1,namouchislim,2020-07-21 13:19:44+00:00,https://github.com/scottyab/rootbeer/commit/f9ec6c9ab1e6ee1ff1274f6bfe3aa1ba7f4f68f1,2020-07-21,265
rootbeerlib/src/main/java/com/scottyab/rootbeer/RootBeer.java,bb43b749ed81657ee8a2bdcfe0770e4499966a36,stealthcopter,2020-07-21 13:10:44+00:00,https://github.com/scottyab/rootbeer/commit/bb43b749ed81657ee8a2bdcfe0770e4499966a36,2020-07-21,265
rootbeerlib/src/main/java/com/scottyab/rootbeer/RootBeer.java,89cd69abb034c007a4ee8e3be7baae7f7b5de37e,mat,2020-02-07 09:43:09+00:00,https://github.com/scottyab/rootbeer/commit/89cd69abb034c007a4ee8e3be7baae7f7b5de37e,2020-02-04,241
rootbeerlib/src/main/java/com/scottyab/rootbeer/RootBeer.java,53b32c3371fb5cdcf2f1dba3620cfc4fa95b0ffc,stealthcopter,2020-01-30 13:05:20+00:00,https://github.com/scottyab/rootbeer/commit/53b32c3371fb5cdcf2f1dba3620cfc4fa95b0ffc,2020-01-28,240
rootbeerlib/src/main/java/com/scottyab/rootbeer/RootBeer.java,d1b40829bf88d238dc0f83214c4208c7eef407ad,mat,2020-01-28 14:06:12+00:00,https://github.com/scottyab/rootbeer/commit/d1b40829bf88d238dc0f83214c4208c7eef407ad,2020-01-28,240
rootbeerlib/src/main/java/com/scottyab/rootbeer/RootBeer.java,b8986907f154b243184862a3766a4c6c7b3a4271,mat,2020-01-28 13:03:18+00:00,https://github.com/scottyab/rootbeer/commit/b8986907f154b243184862a3766a4c6c7b3a4271,2020-01-28,240
rootbeerlib/src/main/java/com/scottyab/rootbeer/RootBeer.java,0ff04d397ee8f7d336dcc29c5717d996552f5f2c,mat,2020-01-28 12:41:49+00:00,https://github.com/scottyab/rootbeer/commit/0ff04d397ee8f7d336dcc29c5717d996552f5f2c,2020-01-28,240
rootbeerlib/src/main/java/com/scottyab/rootbeer/RootBeer.java,59c387ef07075c5919f95569cbcd513c8a8f7c4a,BlizzedRu,2019-12-09 10:32:18+00:00,https://github.com/scottyab/rootbeer/commit/59c387ef07075c5919f95569cbcd513c8a8f7c4a,2019-12-03,232
rootbeerlib/src/main/java/com/scottyab/rootbeer/RootBeer.java,8b985d927ff18acc804440a84c6d2b5efee0c6d9,stealthcopter,2019-03-14 12:24:58+00:00,https://github.com/scottyab/rootbeer/commit/8b985d927ff18acc804440a84c6d2b5efee0c6d9,2019-03-12,194
rootbeerlib/src/main/java/com/scottyab/rootbeer/RootBeer.java,eff3329618c9b0ad1b7f782383be323183dc665a,stealthcopter,2018-05-11 12:00:38+00:00,https://github.com/scottyab/rootbeer/commit/eff3329618c9b0ad1b7f782383be323183dc665a,2018-05-08,150
rootbeerlib/src/main/java/com/scottyab/rootbeer/RootBeer.java,77919fc8cb4683bc218af4d068cb68d1267d8461,stealthcopter,2018-05-11 11:04:28+00:00,https://github.com/scottyab/rootbeer/commit/77919fc8cb4683bc218af4d068cb68d1267d8461,2018-05-08,150
rootbeerlib/src/main/java/com/scottyab/rootbeer/RootBeer.java,8019212fccc48c618f7dd335ee909e9717cd7385,stealthcopter,2018-05-11 10:59:44+00:00,https://github.com/scottyab/rootbeer/commit/8019212fccc48c618f7dd335ee909e9717cd7385,2018-05-08,150
rootbeerlib/src/main/java/com/scottyab/rootbeer/RootBeer.java,d3a3cf91bc4f60da7a07336b9ea33e9ae25fa9a6,p2paltvnv,2018-03-16 16:49:07+00:00,https://github.com/scottyab/rootbeer/commit/d3a3cf91bc4f60da7a07336b9ea33e9ae25fa9a6,2018-03-13,142
rootbeerlib/src/main/java/com/scottyab/rootbeer/RootBeer.java,bfba45649d5b94d4843443dcbddaab40c88132e6,p2paltvnv,2018-03-16 16:42:19+00:00,https://github.com/scottyab/rootbeer/commit/bfba45649d5b94d4843443dcbddaab40c88132e6,2018-03-13,142
rootbeerlib/src/main/java/com/scottyab/rootbeer/RootBeer.java,1853c45fc9d72160eb855613a2c906f1186e8a7f,p2paltvnv,2018-03-16 12:14:23+00:00,https://github.com/scottyab/rootbeer/commit/1853c45fc9d72160eb855613a2c906f1186e8a7f,2018-03-13,142
rootbeerlib/src/main/java/com/scottyab/rootbeer/RootBeer.java,476f81fd38954a9452886c1dc6401db688aaf871,stealthcopter,2017-09-29 08:23:05+00:00,https://github.com/scottyab/rootbeer/commit/476f81fd38954a9452886c1dc6401db688aaf871,2017-09-26,118
rootbeerlib/src/main/java/com/scottyab/rootbeer/RootBeer.java,0f9c169454010de9080427d645f491867856e376,friederbluemle,2017-08-19 16:20:33+00:00,https://github.com/scottyab/rootbeer/commit/0f9c169454010de9080427d645f491867856e376,2017-08-15,112
rootbeerlib/src/main/java/com/scottyab/rootbeer/RootBeer.java,4151dc37a82a28da94ee4bfed5fb679820d7233a,awaseem,2017-08-11 15:34:54+00:00,https://github.com/scottyab/rootbeer/commit/4151dc37a82a28da94ee4bfed5fb679820d7233a,2017-08-08,111
rootbeerlib/src/main/java/com/scottyab/rootbeer/RootBeer.java,65c7647ffbbe013c11e5862b7ab52307ca6d5dfe,BIOCATCH\Leon.Karabchevsky,2017-06-07 07:53:52+00:00,https://github.com/scottyab/rootbeer/commit/65c7647ffbbe013c11e5862b7ab52307ca6d5dfe,2017-06-06,102
rootbeerlib/src/main/java/com/scottyab/rootbeer/RootBeer.java,68943207c5de1bea38b46b073fce9af595a3c6cd,vyas-n,2017-05-10 19:44:29+00:00,https://github.com/scottyab/rootbeer/commit/68943207c5de1bea38b46b073fce9af595a3c6cd,2017-05-09,98
rootbeerlib/src/main/java/com/scottyab/rootbeer/RootBeer.java,1d91999332432d5bb85facfb184fa5b525a8667c,stealthcopter,2017-03-29 11:18:37+00:00,https://github.com/scottyab/rootbeer/commit/1d91999332432d5bb85facfb184fa5b525a8667c,2017-03-28,92
rootbeerlib/src/main/java/com/scottyab/rootbeer/RootBeer.java,91e0a1137bb78c1e33e209ca0cd3f8946f8682fe,stealthcopter,2017-03-24 16:11:58+00:00,https://github.com/scottyab/rootbeer/commit/91e0a1137bb78c1e33e209ca0cd3f8946f8682fe,2017-03-21,91
rootbeerlib/src/main/java/com/scottyab/rootbeer/RootBeer.java,51151efbd9a53a88a01425f02bc46f55156cbda2,stealthcopter,2017-03-24 13:31:19+00:00,https://github.com/scottyab/rootbeer/commit/51151efbd9a53a88a01425f02bc46f55156cbda2,2017-03-21,91
rootbeerlib/src/main/java/com/scottyab/rootbeer/RootBeer.java,82fb875698341f468a5a067cc533a3479b35baf4,stealthcopter,2017-03-13 22:05:11+00:00,https://github.com/scottyab/rootbeer/commit/82fb875698341f468a5a067cc533a3479b35baf4,2017-03-07,89
rootbeerlib/src/main/java/com/scottyab/rootbeer/RootBeer.java,55a4c8f28bf53e479a485fb9ba44279144f6526e,stealthcopter,2017-02-15 12:53:36+00:00,https://github.com/scottyab/rootbeer/commit/55a4c8f28bf53e479a485fb9ba44279144f6526e,2017-02-14,86
rootbeerlib/src/main/java/com/scottyab/rootbeer/RootBeer.java,4b04449da08a200e04cc5d0d341ffc06f8e251ab,leocadiotine,2016-09-14 21:25:21+00:00,https://github.com/scottyab/rootbeer/commit/4b04449da08a200e04cc5d0d341ffc06f8e251ab,2016-09-13,64
rootbeerlib/src/main/java/com/scottyab/rootbeer/RootBeer.java,ed600d02aa5bd2dfc91c3df1987eaf35be5f2a85,stealthcopter,2016-04-18 16:36:03+00:00,https://github.com/scottyab/rootbeer/commit/ed600d02aa5bd2dfc91c3df1987eaf35be5f2a85,2016-04-12,42
rootbeerlib/src/main/java/com/scottyab/rootbeer/RootBeer.java,bb880410733bca57af216d56f2e2c8aec4626907,Mohammed Ezzat,2016-03-15 13:13:43+00:00,https://github.com/scottyab/rootbeer/commit/bb880410733bca57af216d56f2e2c8aec4626907,2016-03-15,38
rootbeerlib/src/main/java/com/scottyab/rootbeer/RootBeer.java,74f3a20e365567dfe881d83fae6ec354cabc9c9b,stealthcopter,2015-12-22 10:17:02+00:00,https://github.com/scottyab/rootbeer/commit/74f3a20e365567dfe881d83fae6ec354cabc9c9b,2015-12-22,26
rootbeerlib/src/main/java/com/scottyab/rootbeer/RootBeer.java,f159dd1b19a022ff8e07848b56fd49582cb6cf7d,stealthcopter,2015-12-22 10:11:09+00:00,https://github.com/scottyab/rootbeer/commit/f159dd1b19a022ff8e07848b56fd49582cb6cf7d,2015-12-22,26
rootbeerlib/src/main/java/com/scottyab/rootbeer/RootBeer.java,08f3cdd79168aafeeadff5b14bc329f140af2bf8,stealthcopter,2015-12-21 20:44:58+00:00,https://github.com/scottyab/rootbeer/commit/08f3cdd79168aafeeadff5b14bc329f140af2bf8,2015-12-15,25
rootbeerlib/src/main/java/com/scottyab/rootbeer/RootBeer.java,322560d3be1bb8cfe27d1b66175813f6f21b46bb,stealthcopter,2015-12-21 20:43:55+00:00,https://github.com/scottyab/rootbeer/commit/322560d3be1bb8cfe27d1b66175813f6f21b46bb,2015-12-15,25
rootbeerlib/src/main/java/com/scottyab/rootbeer/RootBeer.java,8cb5e85b11a596ca68e2e099a51780c277ca4bfc,scottyab,2015-06-30 14:45:20+00:00,https://github.com/scottyab/rootbeer/commit/8cb5e85b11a596ca68e2e099a51780c277ca4bfc,2015-06-30,1
rootbeerlib/src/main/java/com/scottyab/rootbeer/RootBeer.java,9bb704339eddab021e2c54e1df2aea72a8950ebb,scottyab,2015-06-30 14:45:12+00:00,https://github.com/scottyab/rootbeer/commit/9bb704339eddab021e2c54e1df2aea72a8950ebb,2015-06-30,1
rootbeerlib/src/main/java/com/scottyab/rootbeer/RootBeer.java,2920f344669151ddcc7ef624d1c1ecc0ad878ba5,stealthcopter,2015-06-30 14:36:54+00:00,https://github.com/scottyab/rootbeer/commit/2920f344669151ddcc7ef624d1c1ecc0ad878ba5,2015-06-30,1
rootbeerlib/src/main/java/com/scottyab/rootbeer/RootBeer.java,2b4d828943c17d66a1f04cb02b2da0930ad5192d,scottyab,2015-06-30 14:14:20+00:00,https://github.com/scottyab/rootbeer/commit/2b4d828943c17d66a1f04cb02b2da0930ad5192d,2015-06-30,1
rootbeerlib/src/main/java/com/scottyab/rootbeer/RootBeer.java,4926749156fbd8e1d48ec713aaf1269e84e8b6b5,scottyab,2015-06-30 14:14:08+00:00,https://github.com/scottyab/rootbeer/commit/4926749156fbd8e1d48ec713aaf1269e84e8b6b5,2015-06-30,1
rootbeerlib/src/main/java/com/scottyab/rootbeer/RootBeer.java,e9511c315e1ea80769b734483a5e64e133c5a2ee,stealthcopter,2015-06-30 14:14:02+00:00,https://github.com/scottyab/rootbeer/commit/e9511c315e1ea80769b734483a5e64e133c5a2ee,2015-06-30,1
rootbeerlib/src/main/java/com/scottyab/rootbeer/RootBeer.java,ec2427eb932e87ee0397d7a471997eb2fbb0b9fd,scottyab,2015-06-29 13:06:59+00:00,https://github.com/scottyab/rootbeer/commit/ec2427eb932e87ee0397d7a471997eb2fbb0b9fd,2015-06-23,0
rootbeerlib/src/main/java/com/scottyab/rootbeer/RootBeer.java,d246945d2575623ca137fcc0a4ef1eb8f3c68fab,scottyab,2015-06-26 15:50:40+00:00,https://github.com/scottyab/rootbeer/commit/d246945d2575623ca137fcc0a4ef1eb8f3c68fab,2015-06-23,0
rootbeerlib/src/main/java/com/scottyab/rootbeer/RootBeerNative.java,4adecf81fb4bddd831f6c12cf7dcec80b012a6c5,stealthcopter,2021-05-24 07:35:11+00:00,https://github.com/scottyab/rootbeer/commit/4adecf81fb4bddd831f6c12cf7dcec80b012a6c5,2021-05-18,308
rootbeerlib/src/main/java/com/scottyab/rootbeer/RootBeerNative.java,3163211e242e6310117c5c92dfe4f0c6c7cc18b2,scottyab,2021-05-08 14:18:37+00:00,https://github.com/scottyab/rootbeer/commit/3163211e242e6310117c5c92dfe4f0c6c7cc18b2,2021-05-04,306
rootbeerlib/src/main/java/com/scottyab/rootbeer/RootBeerNative.java,8b985d927ff18acc804440a84c6d2b5efee0c6d9,stealthcopter,2019-03-14 12:24:58+00:00,https://github.com/scottyab/rootbeer/commit/8b985d927ff18acc804440a84c6d2b5efee0c6d9,2019-03-12,194
rootbeerlib/src/main/java/com/scottyab/rootbeer/RootBeerNative.java,1d91999332432d5bb85facfb184fa5b525a8667c,stealthcopter,2017-03-29 11:18:37+00:00,https://github.com/scottyab/rootbeer/commit/1d91999332432d5bb85facfb184fa5b525a8667c,2017-03-28,92
rootbeerlib/src/main/java/com/scottyab/rootbeer/RootBeerNative.java,2920f344669151ddcc7ef624d1c1ecc0ad878ba5,stealthcopter,2015-06-30 14:36:54+00:00,https://github.com/scottyab/rootbeer/commit/2920f344669151ddcc7ef624d1c1ecc0ad878ba5,2015-06-30,1
rootbeerlib/src/main/java/com/scottyab/rootbeer/RootBeerNative.java,e9511c315e1ea80769b734483a5e64e133c5a2ee,stealthcopter,2015-06-30 14:14:02+00:00,https://github.com/scottyab/rootbeer/commit/e9511c315e1ea80769b734483a5e64e133c5a2ee,2015-06-30,1
rootbeerlib/src/main/java/com/scottyab/rootbeer/RootBeerNative.java,13187afc81827b88c2996dd900a45ccb0eef6132,stealthcopter,2015-06-26 15:57:05+00:00,https://github.com/scottyab/rootbeer/commit/13187afc81827b88c2996dd900a45ccb0eef6132,2015-06-23,0
rootbeerlib/src/main/java/com/scottyab/rootbeer/RootBeerNative.java,d246945d2575623ca137fcc0a4ef1eb8f3c68fab,scottyab,2015-06-26 15:50:40+00:00,https://github.com/scottyab/rootbeer/commit/d246945d2575623ca137fcc0a4ef1eb8f3c68fab,2015-06-23,0
rootbeerlib/src/main/java/com/scottyab/rootbeer/util/QLog.java,89cd69abb034c007a4ee8e3be7baae7f7b5de37e,mat,2020-02-07 09:43:09+00:00,https://github.com/scottyab/rootbeer/commit/89cd69abb034c007a4ee8e3be7baae7f7b5de37e,2020-02-04,241
rootbeerlib/src/main/java/com/scottyab/rootbeer/util/QLog.java,72bf1ce12f2408db8bef259d480335eb1ededfeb,stealthcopter,2018-05-11 11:04:52+00:00,https://github.com/scottyab/rootbeer/commit/72bf1ce12f2408db8bef259d480335eb1ededfeb,2018-05-08,150
rootbeerlib/src/main/java/com/scottyab/rootbeer/util/QLog.java,279ab654aeadad80119abf615076b22eb07f2029,stealthcopter,2017-10-31 18:57:32+00:00,https://github.com/scottyab/rootbeer/commit/279ab654aeadad80119abf615076b22eb07f2029,2017-10-31,123
rootbeerlib/src/main/java/com/scottyab/rootbeer/util/QLog.java,0f9c169454010de9080427d645f491867856e376,friederbluemle,2017-08-19 16:20:33+00:00,https://github.com/scottyab/rootbeer/commit/0f9c169454010de9080427d645f491867856e376,2017-08-15,112
rootbeerlib/src/main/java/com/scottyab/rootbeer/util/QLog.java,f2ea0bd158f20de2810f98228aea6c6d061ff282,friederbluemle,2017-05-11 16:41:00+00:00,https://github.com/scottyab/rootbeer/commit/f2ea0bd158f20de2810f98228aea6c6d061ff282,2017-05-09,98
rootbeerlib/src/main/java/com/scottyab/rootbeer/util/QLog.java,55a4c8f28bf53e479a485fb9ba44279144f6526e,stealthcopter,2017-02-15 12:53:36+00:00,https://github.com/scottyab/rootbeer/commit/55a4c8f28bf53e479a485fb9ba44279144f6526e,2017-02-14,86
rootbeerlib/src/main/java/com/scottyab/rootbeer/util/QLog.java,bb880410733bca57af216d56f2e2c8aec4626907,Mohammed Ezzat,2016-03-15 13:13:43+00:00,https://github.com/scottyab/rootbeer/commit/bb880410733bca57af216d56f2e2c8aec4626907,2016-03-15,38
rootbeerlib/src/main/java/com/scottyab/rootbeer/util/QLog.java,8bbd38050b4a84ac1084f5c98197fec822c09c39,scottyab,2015-06-26 18:48:49+00:00,https://github.com/scottyab/rootbeer/commit/8bbd38050b4a84ac1084f5c98197fec822c09c39,2015-06-23,0
rootbeerlib/src/main/java/com/scottyab/rootbeer/util/QLog.java,d246945d2575623ca137fcc0a4ef1eb8f3c68fab,scottyab,2015-06-26 15:50:40+00:00,https://github.com/scottyab/rootbeer/commit/d246945d2575623ca137fcc0a4ef1eb8f3c68fab,2015-06-23,0
rootbeerlib/src/test/java/com/scottyab/rootbeer/RootBeerTest.java,3163211e242e6310117c5c92dfe4f0c6c7cc18b2,scottyab,2021-05-08 14:18:37+00:00,https://github.com/scottyab/rootbeer/commit/3163211e242e6310117c5c92dfe4f0c6c7cc18b2,2021-05-04,306
rootbeerlib/src/test/java/com/scottyab/rootbeer/RootBeerTest.java,7815ef83b8b88b1ef1fab3ea30f4c8d7712dff19,stealthcopter,2020-02-03 20:42:40+00:00,https://github.com/scottyab/rootbeer/commit/7815ef83b8b88b1ef1fab3ea30f4c8d7712dff19,2020-01-28,240
rootbeerlib/src/test/java/com/scottyab/rootbeer/RootBeerTest.java,a00e3f7b65dfb8b9de43c2f265dccdee989bd790,danielkutik,2020-01-31 00:54:28+00:00,https://github.com/scottyab/rootbeer/commit/a00e3f7b65dfb8b9de43c2f265dccdee989bd790,2020-01-28,240
rootbeerlib/src/test/java/com/scottyab/rootbeer/RootBeerTest.java,94b0dddab9f3fd26ce77f09db64598566eb863c3,mat,2020-01-30 16:12:36+00:00,https://github.com/scottyab/rootbeer/commit/94b0dddab9f3fd26ce77f09db64598566eb863c3,2020-01-28,240
rootbeerlib/src/test/java/com/scottyab/rootbeer/RootBeerTest.java,b8986907f154b243184862a3766a4c6c7b3a4271,mat,2020-01-28 13:03:18+00:00,https://github.com/scottyab/rootbeer/commit/b8986907f154b243184862a3766a4c6c7b3a4271,2020-01-28,240
rootbeerlib/src/test/java/com/scottyab/rootbeer/RootBeerTest.java,94e8c24b687b69b04c1910c22aa224f8e7fd5f3d,danielkutik,2019-11-16 02:34:24+00:00,https://github.com/scottyab/rootbeer/commit/94e8c24b687b69b04c1910c22aa224f8e7fd5f3d,2019-11-12,229
rootbeerlib/src/test/java/com/scottyab/rootbeer/RootBeerTest.java,8b985d927ff18acc804440a84c6d2b5efee0c6d9,stealthcopter,2019-03-14 12:24:58+00:00,https://github.com/scottyab/rootbeer/commit/8b985d927ff18acc804440a84c6d2b5efee0c6d9,2019-03-12,194
rootbeerlib/src/test/java/com/scottyab/rootbeer/RootBeerTest.java,e820055a226cd2c5cdb427b80f264bb9b1384ccf,stealthcopter,2018-05-11 13:16:33+00:00,https://github.com/scottyab/rootbeer/commit/e820055a226cd2c5cdb427b80f264bb9b1384ccf,2018-05-08,150
rootbeerlib/src/test/java/com/scottyab/rootbeer/RootBeerTest.java,279ab654aeadad80119abf615076b22eb07f2029,stealthcopter,2017-10-31 18:57:32+00:00,https://github.com/scottyab/rootbeer/commit/279ab654aeadad80119abf615076b22eb07f2029,2017-10-31,123
